Ticker,Headers,Date,Time
AAPL,Apple CEO makes surprise visit to China as iPhone 15 gets off to a challenging start #Shorts,Today,06:14PM
AAPL,"Odd Mix of Action on Tuesday as Nvidia, Apple, Moderna Drag on Nasdaq",,
AAPL,Apple to offer USB-C equipped Apple Pencil with new pricing,,
AAPL,AI raised Big Tech market caps by $2.4 trillion since last year: Report,,
AAPL,Could Huawei device sales overtake Apple's iPhone 15 in China?,,
AAPL,10 Most Profitable Companies in the World,,
AAPL,2 Unstoppable Warren Buffett Stocks That Can Turn Sitting Cash into Growing Wealth,,
AAPL,"Morning Brew: Microsoft's Accelerated Growth, Lockheed Martin's Q3 Earnings Beat, and Apple ...",,
AAPL,Apple and Samsung Lost Market Share as Global Smartphone Sales Fell in Q3,,
AAPL,5 Things to Know Before Markets Open,,
AAPL,Tech Bellwether Murata Sees Smartphone Market Growing This Year,,
AAPL,You Don't Have to Pick a Winner in Digital Advertising. Here's Why,,
AAPL,Tim Cook crashes a Chinese e-sports tournament as Apple faces competition and censorship in its most important non-U.S. market,,
AAPL,Apples Cook Cheers on Tencent Game Gala in Rare China Visit,,
AAPL,"Apple as a Search Trojan Horse, My Estimates for Google TAC Payments to Apple, Potential Court Impact on Apple Search Revenue",Oct-16-23,09:28PM
AAPL,Apple (AAPL) Stock Sinks As Market Gains: What You Should Know,,
AAPL,Apple's iPhone can help you understand risk level of two common health issues,,
AAPL,Apple's iPhone 15 underperforms in China compared to last model,,
AAPL,"Googles Deals Lock Up 50% of US Searches, DOJ Expert Says",,
AAPL,Apple's iPhone can actually diagnose this common health issue,,
AAPL,"Bitcoin's ETF Approval Rumor, Pfizer Slashes Annual Outlook, Activist Shareholder Shakes Up News Corp's Status Quo: Today's Top Stories",,
AAPL,Stock Market Today: Dow ends higher on tech gains as earnings season to heat up,,
AAPL,Big tech earnings: What to expect from Q3 results,,
AAPL,Microsoft Gets a Lift as Apple iPhone Sales Scrutinized,,
AAPL,Better Artificial Intelligence (AI) Stock: Apple vs. Microsoft,,
AAPL,Global smartphone market slumps to lowest Q3 level in decade - Counterpoint,,
AAPL,"S&P 500 jumps as big tech soaks up demand, shrugs off rising Treasury yields",,
AAPL,"Apples iPhones Off to Disappointing Start in China, Study Shows",,
AAPL,Big Techs Profit Machine Is Propping Up S&P 500 Earnings,,
AAPL,Better Stock Buy: Coherent vs. Lumentum,,
AAPL,Apple Store online launches in Chile to bring customers exciting new shopping options,,
AAPL,"Apple's climate change efforts far exceed rivals, says environmental report",,
AAPL,A Bull Market Is Coming: 3 Low-Risk Stocks That Could Help You Safely Profit From the Next Stock Market Rally,,
AAPL,Goldman Sachs Wants Out of Consumer Lending. Employees Say It Cant Happen Fast Enough.,,
AAPL,3 Stocks I Want to Own for the Rest of My Life,,
AAPL,Charlie Munger Says AI Is Overhyped. But Berkshire Hathaway's $345 Billion Portfolio Is Packed With (at Least) 8 AI Stocks!,Oct-15-23,03:13PM
AAPL,How Global Conflict Led to a Surprising Plan to Make Apple Chips in a Desert,,
AAPL,What Googles antitrust trial means for your search habits,,
AAPL,"Experts talk NBA's next media deal, whether ESPN can fend off Amazon and Apple",,
AAPL,"'We won't be able to uninvent it': Warren Buffett is 'worried' about AI technology, comparing it to the atom bomb  but he's still betting big on these 3 artificial intelligence stocks",,
AAPL,2 Growth Stocks to Buy in October,,
AAPL,2 Top Growth Stocks to Buy Right Now and Hold for the Long Term,,
AAPL,"Veteran Tech Analyst Dan Ives Says AI Tech Stocks Set to ""Rip Higher."" 7 Best-Quality Growth Stocks to Buy Now.",,
AAPL,4 Timeless Lessons From Warren Buffett's Favorite Stock,,
AAPL,How to Rethink Your Media Subscriptions and Save on Monthly Fees,,
AAPL,"Apple's compliance with China app rules plugs censorship loophole, creates new obstacles for developers",,
AAPL,3 Top Stocks to Buy for the Long Haul,,
AAPL,Americas Gold Standard GPS Risks Falling Behind Rival Systems,Oct-14-23,09:00PM
AAPL,12 Best Big Company Stocks to Buy,,
AAPL,5 Stocks With Huge Catalysts on the Way,,
AAPL,Here's Why Investors Should Buy Formula 1 Stock -- With or Without Apple,,
AAPL,Where Will Apple Stock Be in 3 Years?,,
AAPL,"Smartwatches Keep Phone-Begging Kids at Bay, but There Are Downsides",,
AAPL,3 Reasons to Buy Apple Stock and Never Sell,,
AAPL,"Dozens join lawsuit alleging Apple AirTags are 'weapon of choice' of stalkers, abusers",Oct-13-23,09:16PM
AAPL,10 Smartphones with the Best Audio Quality,,
AAPL,TD Ameritrade's Investor Movement Index showing a 'rotation' from investors,,
AAPL,Apple (AAPL) Unveils Trailer of For All Mankind Season 4,,
AAPL,"Hedge Fund and Insider Trading News: Leon Cooperman, Ray Dalio, Bill Ackman, John Paulson, Altana Wealth Ltd., Apple Inc. (AAPL), Lexicon Pharmaceuticals Inc (LXRX), and More",,
AAPL,Warren Buffett Stocks: What's Inside Berkshire Hathaway's Portfolio?,,
AAPL,Is Apple a Buy Now?,,
AAPL,"Thoughts on Google's  Made by Google  Event, The Apple vs. Google Awkwardness",,
AAPL,Microsoft Completes $69 Billion Activision Blizzard Purchase,,
AAPL,"Wait, Is the DOJ Lawsuit Actually Bullish For Alphabet?",,
AAPL,"Is Meta Stock A Buy? Facebook Parent Breaks Out On AI Buzz, Earnings Optimism",,
AAPL,Ignore Tim Cook's Insider Selling and Keep Doubling Down on AAPL Stock,,
AAPL,3 Artificial Intelligence (AI) Stocks With More Potential Than Any Cryptocurrency,,
AAPL,2 Under-the-Radar Gaming Stocks You Can Buy and Hold for the Next Decade,,
AAPL,Apple CEO Tim Cook Just Sold $88 Million Worth of Stock. Has the Stock Peaked?,,
AAPL,The 4 Most Commonly Held Stocks Among Retail Investors,,
AAPL,56% of Warren Buffett's $341 Billion Portfolio Is Invested in These 2 Stocks,,
AAPL,UPDATE 1-Australia unveils draft law to regulate digital payment providers,Oct-12-23,07:29PM
AAPL,Google Pixel Watch 2 review: Googles smartwatch is better the second time around,,
AAPL,Clarity in the Voluntary Carbon Market Needed Ahead of Surge in Net-Zero Driven Credit Buyers,,
AAPL,Navigating Market Uncertainty: Intrinsic Value of Apple Inc,,
AAPL,2 Stocks to Invest in Virtual Reality,,
AAPL,"1 Green Flag for Apple in 2023, and 1 Red Flag",,
AAPL,Corporate Giants Are the New Hedge Funds of the Global FX Market,,
AAPL,A Bull Market is Coming: 2 Warren Buffett Favorites to Buy Now,,
AAPL,Google: searching scrutiny poses $20bn threat to Apple payouts,,
AAPL,Apples Top Suppliers in Taiwan Weather Worst Month Since June,Oct-11-23,10:22PM
AAPL,"Microsoft And Google Tease A New ""Tech For Good"" Era",,
AAPL,Wall Street thinks corporate America's earnings recession is over,,
AAPL,Apple could also lose big if Google loses DOJ's antitrust case,,
AAPL,Google Pixel 8 and Pixel 8 Pro review: AI brains and plenty of brawn,,
AAPL,Forget Apple Watch  this new fitness accessory might be even better,,
AAPL,"Meta and Alphabet Stocks Are Soaring, Leaving Apple in Their Dust",,
AAPL,"Apple has captured the imagination of a certain demographic, but will it carry that dominance into the future?",,
AAPL,5G Stocks To Watch As Business Market Ramps Slower Than Expected,,
AAPL,Teens Still Love the iPhone. Its Good for Apple Stock.,,
AAPL,"U.S.-China Chip War Over Taiwan Nears Moment Of Truth For S&P 500, Nvidia, Apple And The World",,
AAPL,Global PC Shipment Falls in Q3: Recovery Expected Soon,,
AAPL,Better Buy: The Trade Desk vs. PubMatic,,
AAPL,16 Best Growth Stocks To Buy According To Hedge Funds,,
AAPL,Better Growth Stock: Apple vs. AMD,,
AAPL,"Insider Sell: Apple Inc's Senior Vice President, CFO Luca Maestri Sells 63,695 Shares",,
AAPL,20 Most Socially Advanced Countries in the World,,
AAPL,Why China de-risking brings its own business risks,Oct-10-23,11:30PM
AAPL,Australia unveils draft law to regulate digital payment providers,,
AAPL,Googles Pichai Decried Bad Optics of Search Engine Deal With Apple,,
TSLA,General Motors loses ground to key electric vehicle rival,Today,05:37PM
TSLA,"Tesla earnings, Fedspeak, September housing starts: What to Watch",,
TSLA,UAW strike a 'champagne on ice' moment for Tesla: Analyst,,
TSLA,Tesla Vs. BYD 2023: Tesla Earnings Loom As Archrival Reports Booming Profit,,
TSLA,Tesla Archrival BYD Eyes Record Profit Amid China EV Price War,,
TSLA,5 Most Efficient Electric Vehicles in the World,,
TSLA,Expectations 'Quite Low' For Tesla's Third Quarter With All Eyes On Upcoming Cybertruck,,
TSLA,These Are The 5 Best EV Stocks To Buy And Watch Now,,
TSLA,"Tesla to recall nearly 55,000 Model X vehicles over brake fluid detection issue",,
TSLA,Elon Musk's Tesla at odds with major automakers over dramatic new regulatory proposal,,
TSLA,"Musk cuts price of entry-level Tesla in UK by £3,000",,
TSLA,"Tesla To Recall More Than 54,000 Model X Vehicles",,
TSLA,Magnificent 7 Earnings Charts Ranked,,
TSLA,A former Tesla director is giving Harvard $16 million to study psychedelics in society and culture,,
TSLA,Lucid stock dips on declining Q3 EV production figures,,
TSLA,Cathie Wood explains why Tesla Chief Elon Musk is worth betting so much on,,
TSLA,Fears Are Overblown! Buy Tesla Stock Before the Market Closes on Oct. 18!,,
TSLA,Will Shrinking Auto Margins Hurt Tesla (TSLA) in Q3 Earnings?,,
TSLA,"Earnings preview: Tesla, Netflix, big banks among reports to watch",,
TSLA,UPDATE 1-Tesla urges US to adopt much tougher fuel efficiency rules,,
TSLA,"Dollar Tree, Tesla recall, Nvidia and chip stocks: Trending Tickers",,
TSLA,Is Tesla (TSLA) A Buy Ahead of Q3 Earnings Announcement?,,
TSLA,Tesla urges US to adopt much tougher fuel efficiency rules,,
TSLA,"EV Maker Faraday Future Has a Master Plan, Like Teslas. The Stock Is Up.",,
TSLA,"Are Ford's Lightning Layoffs an Opportunity for Rivian, or a Warning Sign?",,
TSLA,Tesla says US should adopt tougher fuel efficiency rules,,
TSLA,Financial struggles force rival of Tesla and Volvo into bankruptcy,,
TSLA,Stock Split Watch: Is Nvidia Next?,,
TSLA,Tesla Earnings Are Coming. Heres A Guide.,,
TSLA,Cathie Wood pulls $2 million out of beloved stock before earnings,,
TSLA,2 Hot Stocks Report Earnings Tomorrow. Investors Should Tune In for Insight.,,
TSLA,Will Tesla ETFs Beat on Low Expectations or Miss on Margin Woes?,,
TSLA,Tesla Recalls More Cars. Why That Reveals Something Positive.,,
TSLA,Prediction: 3 Growth Stocks That Could Trounce the Market,,
TSLA,"Zacks Investment Ideas feature highlights: Tesla, Ford, Stellantis, General Motors and Amazon",,
TSLA,A Bull Market Is Coming: 2 AI Stock-Split Stocks to Buy Right Now,,
TSLA,"REFILE-UPDATE 1-Tesla to recall nearly 55,000 Model X vehicles, auto regulator says",,
TSLA,"Tesla to recall nearly 55,000 Model X vehicles, auto regulator says",,
TSLA,"Tesla recalls nearly 55,000 Model X vehicles, auto regulator says",,
TSLA,India considering offering incentives for EV production,Oct-16-23,10:12PM
TSLA,Is Li Auto's Luxury Focus Leaving Out China's Middle Class?,,
TSLA,Is This The End Of Naked Short Selling?,,
TSLA,Cathie Wood: Elon Musk is a,,
TSLA,Are Meme Stocks A Buy Now?,,
TSLA,Tesla Earnings Preview: Are Low Expectations Setting Up an Upside Surprise?,,
TSLA,"These Stocks Moved the Most Today: Pfizer, Moderna, Schwab, Lululemon, Alignment Healthcare, Varonis, and More",,
TSLA,Tesla earnings: Three things to watch for,,
TSLA,Ford Stock: Bill Ford Warns On 'Devastating' UAW Strike As Earnings Hit Looks Worse,,
TSLA,The Ten Most-Shorted Stocks Include Huge Market Movers In 2023,,
TSLA,"Cathie Wood Keeps Selling Tesla Stock As $7,500 Tax Credit For Model 3 Likely Gone",,
TSLA,Ford Makes A Rare Move In A Desperate Attempt To End The UAW Strike,,
TSLA,Cathie Wood says one prominent tech stock is a stronger long-term bet than Nvidia,,
TSLA,Tech earnings in focus as Netflix and Tesla report this week,,
TSLA,3 EV Stocks That Can Be the Next Tesla,,
TSLA,"These Stocks Are Moving the Most Today: Pfizer, Moderna, Schwab, Lululemon, Alignment Healthcare, Varonis, and More",,
TSLA,Ford Stock: Bill Ford Urges End To 'Devastating' UAW Strike As Earnings Hit Looks Worse,,
TSLA,These Tesla owners were left furious after they were handed a shocking repair bill,,
TSLA,ETFs in Focus Ahead of Tesla Q3 Earnings,,
TSLA,The 2 Stocks to Watch This Week,,
TSLA,"Tesla releases, sells out CyberBeer beverage",,
TSLA,Tesla margins under pressure as UAW strike costing automakers each day,,
TSLA,15 Best-Selling Car Brands in the U.S.,,
TSLA,16 Best Stocks to Buy and Hold for the Next 15 Years According to Cathie Woods Portfolio,,
TSLA,"Tesla earnings, Jerome Powell speech, retail sales highlight key week on Wall Street",,
TSLA,Why Tesla shares are faltering heading into Q3 earnings,,
TSLA,"What Analog Devices, Tesla, and Nvidia Stock Investors Should Know About Recent Semiconductor Updates",,
TSLA,Key Tesla investors at odds with Elon Musk on one important point,,
TSLA,Tesla Stock: The Best Case Might Be Going Nowhere,,
TSLA,"The 10 Most Shorted Stocks Include 3 Tesla Rivals, But Not TSLA",,
TSLA,Tesla May Be a Better Haven Than Treasuries. Heres Why.,,
TSLA,"Tesla earnings: investors watching margins, deliveries, self-driving",,
TSLA,Tesla and Netflix Earnings Are the Real Tests,,
TSLA,"Step Aside, Banks. Tesla and Netflix Earnings Are the Real Tests.",,
TSLA,"Tesla, Goldman, Netflix, Lockheed, TSMC, and More Stocks to Watch This Week",Oct-15-23,04:43PM
TSLA,Better AI Stock: Tesla vs. Alphabet,,
TSLA,"Earnings Calendar Spotlight: Tesla Holds Up, But Sellers Knock Netflix Lower Ahead Of Q3 Results",,
TSLA,"Tesla, Netflix earnings, UAW strike, Israel at war top week ahead",,
TSLA,Great News for Tesla Stock Investors,,
TSLA,"Tesla, Netflix, and banks highlight earnings rush: What to know this week",,
TSLA,"Tesla, Netflix, and banks highlight earnings rush: The week ahead",,
TSLA,Tesla Japanese rivals debut concept vehicles in latest challenge,,
TSLA,Tesla hits major battery-production milestone: This week in EVs,,
TSLA,Tesla's EV throne is being chipped away at by this surprising luxury brand,Oct-14-23,01:47PM
TSLA,This auto giant's electric vehicle tax deduction is losing its charge,,
TSLA,"Sorry, Cathie Wood. This, Not Tesla, Is the Stock to Own for the $9 Trillion Robotaxi Market.",,
TSLA,Tesla's Price Cuts: What You Really Need to Know,,
TSLA,Ferrari to accept crypto as payment for its cars in the US,,
TSLA,Lack of messaging and advertising could be what's hurting Tesla : Gerber Kawasaki's Ross Gerber,Oct-13-23,08:56PM
TSLA,Rivian Loses How Much? How to Evaluate EV Stocks.,,
TSLA,"After Market Expectation Breaker, Here's What To Do; Tesla Earnings Due",,
TSLA,"Tesla is the ev gorilla that makes money, says EMJ's Eric Jackson",,
TSLA,"Investing Action Plan: A Change Of Season As Netflix, Tesla Face Tests",,
TSLA,Cathie Wood Thinks This Streaming Stock Will Jump 747%. Is She Right?,,
TSLA,"EV roundup: Pricing, investing, future of charging, and more",,
TSLA,"After Market Rally Expectation Breaker, Here's What To Do; Tesla Earnings Due",,
TSLA,"Bank earnings, September retail, home sales: What to watch this week",,
TSLA,UPDATE 1-Tesla fights $230 mln fee sought by attorneys who sued over board pay,,
TSLA,3 Quarterly Reports to Watch Next Week,,
TSLA,EV sales hit new record in Q3 as Tesla market share dips,,
TSLA,VC billionaire Marc Andreessen on Tesla and SpaceX: They probably would have gone under with anyone besides Elon Musk,,
AMZN,UBS Trims Amazon Targets On Near-Term Headwinds For Cloud Business,Today,04:27PM
AMZN,Amazon to open third-party seller platform in South Africa,,
AMZN,"Halloween candy: When it comes out, where to find the good stuff, and which candy trick-or-treaters prefer",,
AMZN,Why Amazon.com Stock Slipped This Morning,,
AMZN,Magnificent 7 Earnings Charts Ranked,,
AMZN,AI raised Big Tech market caps by $2.4 trillion since last year: Report,,
AMZN,2 Unstoppable Warren Buffett Stocks That Can Turn Sitting Cash into Growing Wealth,,
AMZN,Amazons Rivals Havent Come Close to Matching Its Scale. The Retailer Gets a Buy Rating.,,
AMZN,"Here is What to Know Beyond Why Amazon.com, Inc. (AMZN) is a Trending Stock",,
AMZN,Retail Stocks And E-Commerce News And Stocks To Watch,,
AMZN,LVMH boss Bernard Arnault has just lost his spot as the worlds second-richest person to Amazon founder Jeff Bezos,,
AMZN,Buy These 2 Growth Stocks on the Dip,,
AMZN,You Don't Have to Pick a Winner in Digital Advertising. Here's Why,,
AMZN,3 Things About Oracle That Smart Investors Know,,
AMZN,"The ""Magnificent Seven"" Have Made the S&P 500 More Concentrated Than Ever. Historically, That's Bad News for Stocks.",,
AMZN,Shopify Stock Up 50%: Why It's Not Too Late to Buy,,
AMZN,A Bull Market Is Coming: 2 AI Stock-Split Stocks to Buy Right Now,,
AMZN,UPDATE 2-Amazon to launch online shopping service in South Africa in 2024,,
AMZN,Amazon to launch online shopping service in South Africa in 2024,,
AMZN,Amazon extends access to anti-counterfeit solution,Oct-16-23,08:54PM
AMZN,"Essential retailer files for bankruptcy, stores will close",,
AMZN,Amazon Stock Forecast: What to Watch in the Coming Months,,
AMZN,Amazon Prime Members Can Save Up to 80% on Prescription Medication,,
AMZN,25 Most Productive Countries Per Capita,,
AMZN,CSA Exclusive: Prime Big Deal Days creates mobile 'halo effect',,
AMZN,Zero-carbon grocery stores already exist - here's what one looks like,,
AMZN,Big tech earnings: What to expect from Q3 results,,
AMZN,"Is Amazon Stock A Buy Amid FTC Antitrust Lawsuit, AI Investment?",,
AMZN,2 Stock-Split Stocks to Buy Hand Over Fist Right Now,,
AMZN,New Investor? Buy These 2 Growth Stocks,,
AMZN,Should You Hold Amazon.com (AMZN)?,,
AMZN,3 Underrated Sections in Costco Warehouses,,
AMZN,2 Trillion-Dollar Stocks Billionaires Are Selling and the 1 They're Surprisingly Buying Hand Over Fist,,
AMZN,Corrections & Amplifications,Oct-15-23,10:04PM
AMZN,20 Most Productive States in the US,,
AMZN,Tech Earnings Kick Off This Week With Netflix. AI Is Now a Risk.,,
AMZN,Charlie Munger Says AI Is Overhyped. But Berkshire Hathaway's $345 Billion Portfolio Is Packed With (at Least) 8 AI Stocks!,,
AMZN,Does Amazon's $4 Billion Artificial Intelligence (AI) Investment Make It a Buy?,,
AMZN,"Experts talk NBA's next media deal, whether ESPN can fend off Amazon and Apple",,
AMZN,"'We won't be able to uninvent it': Warren Buffett is 'worried' about AI technology, comparing it to the atom bomb  but he's still betting big on these 3 artificial intelligence stocks",,
AMZN,Here's the Best Stock-Split Stock to Buy Right Now,,
AMZN,2 No-Brainer Growth Stocks Down 31% and 54% to Buy Now and Hold Forever,,
AMZN,3 Leading Tech Stocks to Buy in 2023 and Beyond,,
AMZN,How to Rethink Your Media Subscriptions and Save on Monthly Fees,,
AMZN,The FTC Is Suing Amazon: Here's What Investors Need to Know,Oct-14-23,12:00PM
AMZN,Amazon Stock: Bear vs. Bull,,
AMZN,Is Global-E Stock a Buy?,,
AMZN,"If You Had Invested $10,000 in Amazon in 2013, This Is How Much You Would Have Today",,
AMZN,"3 Warren Buffett Stocks That Could Soar 31% to 59% Over the Next 12 Months, According to Wall Street",,
AMZN,4 Growth Stocks in a Class of Their Own You'll Regret Not Buying in the Wake of the Nasdaq Bear Market Dip,,
AMZN,15 Most Common Reasons Youre Likely to Get Fired,,
AMZN,"UPDATE 1-US banks, tech firms offer support for Israel victims, announce aid",Oct-13-23,06:34PM
AMZN,Amazon Health Services 'connecting the dots' to create more access points,,
AMZN,Cathie Wood Thinks This Streaming Stock Will Jump 747%. Is She Right?,,
AMZN,"US banks, tech firms offer support for Israel victims, announce aid",,
AMZN,Elon Musk's Starlink Has a New Competitor. How Investors Can Take Advantage,,
AMZN,Will Temu kill Amazon? How the Chinese shopping app's rapid growth could crack Amazon's dominance,,
AMZN,Amazon opens two new Northeast delivery stations in time for holidays,,
AMZN,Microsoft's Next Act: Betting On AI To Regain Tech Leadership,,
AMZN,"1 Green Flag for Amazon in 2023, and 1 Red Flag",,
AMZN,Transforming Walgreens Disappoints With Earnings But Onboards A Promising Healthcare Veteran As CEO,,
AMZN,"No clear winner in AI in health care, say experts at this year's HLTH conference",,
AMZN,"No clear winner in AI in health care yet, say experts at this year's HLTH conference",,
AMZN,"Healthcare: No clear AI winner yet, say experts at HLTH conference",,
AMZN,"Amazon's October Prime Day sale is over, and here's what we know",,
AMZN,Amazon is about to make a major change to a beloved product (users should know),,
AMZN,Jeff Bezos buys neighbours Florida mansion for $79m,,
AMZN,"What healthcare execs are saying on staffing, AI, weight loss drugs",,
AMZN,AI Has Turned From Mania to  Risk. Heres What It Means for Tech Stocks.,,
AMZN,"Jeff Bezos Cheated On His Ex-Wife With His Now-Fiancée Lauren Sanchez  It Led To The Most Expensive Divorce In History, But He Always Owned Up To The Affair: 'Just To Set The Record Straight, I Did Have A Relationship With This Woman'",,
AMZN,Where Will Amazon Be in 3 Years?,,
AMZN,20 Countries That Have the Most Job Opportunities for Foreigners,,
AMZN,Did AMD Just Catch Nvidia Off Guard?,,
AMZN,3 Robinhood Stocks to Buy Right Now,,
AMZN,Bond Yields Havent Settled. Why Its the Biggest Question for Stocks.,,
AMZN,"How Nvidia Is Trouncing Amazon, Google, and Microsoft on 1 Critical Investing Metric",,
AMZN,"2023 Has Been ""Bad"" for Cloud Stocks, and That's a Win for Investors",,
AMZN,Amazon's Next $1 Trillion Revenue Opportunity Is Hiding in Plain Sight -- and It's Not Artificial Intelligence (AI),,
AMZN,"Here Are 3 Top AI Start-Ups That Trillion-Dollar Tech Giants Like Microsoft, Amazon, and Alphabet Are Betting On",,
AMZN,3 Key Factors That Could Drive Amazon Stock Higher in the Coming Months,,
AMZN,The 4 Most Commonly Held Stocks Among Retail Investors,,
AMZN,Tech Earnings Are Almost Here. Why AI Is Now a Risk.,,
AMZN,Amazon Prime Big Deal Days is the real deal,Oct-12-23,10:19PM
AMZN,Amazon Prime members save over $1B during Prime Big Deal Days,,
AMZN,Amazon achieves climate first with Seattle Amazon Fresh store,,
AMZN,Whole Foods Market to make Jersey City debut,,
AMZN,Amazon is Evercore ISI's #1 internet pick,,
AMZN,"Hackers 'don't break in anymore, they log in,' expert explains",,
AMZN,Amazons Latest Prime Event Was Just OK. Heres How We Know.,,
AMZN,Amazon.com to Webcast Third Quarter 2023 Financial Results Conference Call,,
AMZN,How to watch the NFLs Thursday Night Football Week 6 of the 2023-2024 season live online for freeand without cable,,
AMZN,Social media sleuths uncover disturbing information about Amazon Prime Day,,
AMZN,"Final Trades: Amazon, Palo Alto Networks, Cisco Systems",,
AMZN,Why Walgreens New CEO Could Impact Amazon Stock,,
AMZN,Amazon posts year-over-year gains in fall Prime sales event,,
AMZN,Amazon has second-best-ever promotion with fall Prime sales event,,
AMZN,Amazon Stock: Is It a Good Time to Buy In Q4 2023?,,
AMZN,Adobe (ADBE) Boosts Digital Media Offerings With Firefly Models,,
AMZN,25 Cities with the Best Climate in the World Year Round,,
AMZN,Amazons Prime Big Deal Days Was the Companys Largest Two-Day October Holiday Kick-off Event Ever,,
